<?xml version="1.0" encoding="UTF-8"?>
 <beans:beans xmlns:xsi="http://www.w3.org/2001/XMLSchema-instance"
 xmlns:mvc="http://www.springframework.org/schema/mvc"
	
	xmlns:beans="http://www.springframework.org/schema/beans"
	xmlns:context="http://www.springframework.org/schema/context"
	xmlns:tx="http://www.springframework.org/schema/tx"
	xmlns:jdbc="http://www.springframework.org/schema/jdbc"
	xmlns:task="http://www.springframework.org/schema/task"
	xsi:schemaLocation="http://www.springframework.org/schema/jdbc http://www.springframework.org/schema/jdbc/spring-jdbc-4.0.xsd
		http://www.springframework.org/schema/mvc http://www.springframework.org/schema/mvc/spring-mvc.xsd
		http://www.springframework.org/schema/task http://www.springframework.org/schema/task/spring-task-4.0.xsd
		http://www.springframework.org/schema/beans http://www.springframework.org/schema/beans/spring-beans.xsd
		http://www.springframework.org/schema/tx http://www.springframework.org/schema/tx/spring-tx-4.0.xsd
		http://www.springframework.org/schema/context http://www.springframework.org/schema/context/spring-context.xsd">    

               
<context:component-scan base-package="com.uttarainfo.restclient"/>
<mvc:annotation-driven/>

<beans:bean id = "viewResolver2" class="org.springframework.web.servlet.view.InternalResourceViewResolver">
		<beans:property name="order" value="2"/>
		<beans:property name="prefix" value="/WEB-INF/jsp/" />
		<beans:property name="suffix" value=".jsp" />
</beans:bean>


	<beans:bean
		class="org.springframework.web.servlet.mvc.method.annotation.RequestMappingHandlerMapping">
		<beans:property name="alwaysUseFullPath" value="true">
		</beans:property>
	</beans:bean>
	
    <beans:bean id="messageSource" class="org.springframework.context.support.ResourceBundleMessageSource">
	<beans:property name="basename" value="jdbc" />
</beans:bean>

<!-- read the jdbc.properties file. Files under src/main/resources to be in the classpath -->
   <context:property-placeholder location="classpath:jdbc.properties" />
	
	<!-- DataSource -->
	<beans:bean id="dataSource" class="org.springframework.jdbc.datasource.DriverManagerDataSource">
    <beans:property name = "driverClassName"  value = "${jdbc.driverClassName}"/>
    <beans:property name = "url" value ="${jdbc.url}"/>
    <beans:property name = "username" value = "${jdbc.username}"/> 
    <beans:property name = "password" value ="${jdbc.password}"/>
   </beans:bean> 
   

   <beans:bean class="org.mybatis.spring.mapper.MapperScannerConfigurer">
  <beans:property name="basePackage" value="com.uttarainfo.restclient.dbmapper" />

</beans:bean>
	
	
	  <beans:bean id="sqlSessionFactory" class="org.mybatis.spring.SqlSessionFactoryBean">
        <beans:property name="dataSource" ref="dataSource" />
    </beans:bean> 
    
    <beans:bean id="sqlSession" class="org.mybatis.spring.SqlSessionTemplate">
  <beans:constructor-arg index="0" ref="sqlSessionFactory" />
</beans:bean>

    <!-- Enable Annotation based Declarative Transaction Management -->
	<tx:annotation-driven proxy-target-class="true"
		transaction-manager="transactionManager" />

	<!-- Creating TransactionManager Bean, since JDBC we are creating of type 
		DataSourceTransactionManager -->
	 <beans:bean id="transactionManager"
		class="org.springframework.jdbc.datasource.DataSourceTransactionManager">
		<beans:property name="dataSource" ref="dataSource" />
	</beans:bean>
	
</beans:beans>