<?xml version="1.0" encoding="UTF-8"?>
<configuration>
<properties resources = "jdbc.properties"/>

<environment>
 <environments default='development'>

  <environment id='development'>

    <transactionManager type='JDBC'/>
    <dataSource type='POOLED'>   
   <property name='driverClassName' value='${jdbc.driverClassName}'/>
   <property name='url' value='${jdbc.url}'/>
   <property name='username' value='${jdbc.username}'/>
   <property name='password' value='${jdbc.password}'/>
    </dataSource>

  </environment>

  </environments>


</environment>

<mappers>
<mapper class = "com.uttarainfo.restclient.dbmapper.LoginMapper"></mapper>
</mappers>
</configuration>